HDI Rank,ISO3 Code,Country,HDI Tier,HDI Score,Life Expectancy at Birth,Expected Years of Schooling,Mean Years of Schooling,GNI per Capita (PPP $),Health Index,Education Index,Income Index,GNI Rank Minus HDI Rank,HDI Rank Change 2015-2022,Average Annual HDI Growth 1990-2000,Average Annual HDI Growth 2000-2010,Average Annual HDI Growth 2010-2022,Average Annual HDI Growth 1990-2022,HDI 1990,HDI 1991,HDI 1992,HDI 1993,HDI 1994,HDI 1995,HDI 1996,HDI 1997,HDI 1998,HDI 1999,HDI 2000,HDI 2001,HDI 2002,HDI 2003,HDI 2004,HDI 2005,HDI 2006,HDI 2007,HDI 2008,HDI 2009,HDI 2010,HDI 2011,HDI 2012,HDI 2013,HDI 2014,HDI 2015,HDI 2016,HDI 2017,HDI 2018,HDI 2019,HDI 2020,HDI 2021,HDI 2022,Life Expectancy 1990,GNI per Capita 1990,Life Expectancy 1991,GNI per Capita 1991,Life Expectancy 1992,GNI per Capita 1992,Life Expectancy 1993,GNI per Capita 1993,Life Expectancy 1994,GNI per Capita 1994,Life Expectancy 1995,GNI per Capita 1995,Life Expectancy 1996,GNI per Capita 1996,Life Expectancy 1997,GNI per Capita 1997,Life Expectancy 1998,GNI per Capita 1998,Life Expectancy 1999,GNI per Capita 1999,Life Expectancy 2000,GNI per Capita 2000,Life Expectancy 2001,GNI per Capita 2001,Life Expectancy 2002,GNI per Capita 2002,Life Expectancy 2003,GNI per Capita 2003,Life Expectancy 2004,GNI per Capita 2004,Life Expectancy 2005,GNI per Capita 2005,Life Expectancy 2006,GNI per Capita 2006,Life Expectancy 2007,GNI per Capita 2007,Life Expectancy 2008,GNI per Capita 2008,Life Expectancy 2009,GNI per Capita 2009,Life Expectancy 2010,GNI per Capita 2010,Life Expectancy 2011,GNI per Capita 2011,Life Expectancy 2012,GNI per Capita 2012,Life Expectancy 2013,GNI per Capita 2013,Life Expectancy 2014,GNI per Capita 2014,Life Expectancy 2015,GNI per Capita 2015,Life Expectancy 2016,GNI per Capita 2016,Life Expectancy 2017,GNI per Capita 2017,Life Expectancy 2018,GNI per Capita 2018,Life Expectancy 2019,GNI per Capita 2019,Life Expectancy 2020,GNI per Capita 2020,Life Expectancy 2021,GNI per Capita 2021,Life Expectancy 2022,GNI per Capita 2022
1,CHE,Switzerland,Very High,0.967,83.43,21.08,14.0,70091.0,0.976,1.0,0.994,18,0,0.4043,0.6047,0.2363,0.4038,0.85,,,,,,,,,,0.885,,,,,,,,,,0.94,,,,,0.952,,,,0.96,0.957,0.965,0.967,,,,,,,,,,,,,,,,,,,,,,,,,,,,,,,,,,,,,,,,,,,,,,,,,,,,,,,,,,,,,,,,,,
2,NOR,Norway,Very High,0.966,85.0,21.35,12.93,69437.0,1.0,1.0,0.993,-1,-1,0.788,0.2595,0.2454,0.4191,0.845,,,,,,,,,,0.914,,,,,,,,,,0.938,,,,,0.952,,,,0.961,0.963,0.964,0.966,,,,,,,,,,,,,,,,,,,,,,,,,,,,,,,,,,,,,,,,,,,,,,,,,,,,,,,,,,,,,,,,,,
3,ISL,Iceland,Very High,0.959,83.81,20.04,14.0,68221.0,0.982,1.0,0.992,17,0,0.7084,0.3519,0.2832,0.4374,0.834,,,,,,,,,,0.895,,,,,,,,,,0.927,,,,,0.948,,,,0.958,0.955,0.957,0.959,,,,,,,,,,,,,,,,,,,,,,,,,,,,,,,,,,,,,,,,,,,,,,,,,,,,,,,,,,,,,,,,,,
4,HKG,"Hong Kong, China (SAR)",Very High,0.956,82.02,21.2,12.62,67702.0,0.954,1.0,0.991,16,2,1.1802,0.9566,0.3751,0.8078,0.739,,,,,,,,,,0.831,,,,,,,,,,0.914,,,,,0.936,,,,0.953,0.955,0.959,0.956,,,,,,,,,,,,,,,,,,,,,,,,,,,,,,,,,,,,,,,,,,,,,,,,,,,,,,,,,,,,,,,,,,
5,DNK,Denmark,Very High,0.952,83.44,21.18,13.57,67880.0,0.976,1.0,0.991,12,1,0.5919,0.2555,0.3492,0.3956,0.839,,,,,,,,,,0.89,,,,,,,,,,0.913,,,,,0.936,,,,0.946,0.946,0.947,0.952,,,,,,,,,,,,,,,,,,,,,,,,,,,,,,,,,,,,,,,,,,,,,,,,,,,,,,,,,,,,,,,,,,
6,SWE,Sweden,Very High,0.952,82.35,21.09,13.08,67714.0,0.959,1.0,0.991,9,0,1.1178,0.0773,0.3767,0.5138,0.808,,,,,,,,,,0.903,,,,,,,,,,0.91,,,,,0.937,,,,0.947,0.944,0.949,0.952,,,,,,,,,,,,,,,,,,,,,,,,,,,,,,,,,,,,,,,,,,,,,,,,,,,,,,,,,,,,,,,,,,
7,DEU,Germany,Very High,0.95,85.0,19.6,13.92,69190.0,1.0,1.0,0.993,-3,-3,0.7247,0.4298,0.1865,0.4305,0.828,,,,,,,,,,0.89,,,,,,,,,,0.929,,,,,0.941,,,,0.951,0.948,0.948,0.95,,,,,,,,,,,,,,,,,,,,,,,,,,,,,,,,,,,,,,,,,,,,,,,,,,,,,,,,,,,,,,,,,,
8,IRL,Ireland,Very High,0.95,81.74,20.18,13.48,68398.0,0.95,1.0,0.992,23,8,1.3664,0.6504,0.3775,0.771,0.743,,,,,,,,,,0.851,,,,,,,,,,0.908,,,,,0.924,,,,0.942,0.945,0.946,0.95,,,,,,,,,,,,,,,,,,,,,,,,,,,,,,,,,,,,,,,,,,,,,,,,,,,,,,,,,,,,,,,,,,
9,SGP,Singapore,Very High,0.949,82.69,20.4,14.0,69018.0,0.964,1.0,0.993,11,-1,1.0163,0.6526,0.2499,0.6147,0.78,,,,,,,,,,0.863,,,,,,,,,,0.921,,,,,0.935,,,,0.945,0.942,0.942,0.949,,,,,,,,,,,,,,,,,,,,,,,,,,,,,,,,,,,,,,,,,,,,,,,,,,,,,,,,,,,,,,,,,,
10,AUS,Australia,Very High,0.946,84.31,22.0,13.78,67513.0,0.989,1.0,0.991,-4,-1,0.3643,0.3082,0.1963,0.2837,0.864,,,,,,,,,,0.896,,,,,,,,,,0.924,,,,,0.933,,,,0.941,0.948,0.949,0.946,,,,,,,,,,,,,,,,,,,,,,,,,,,,,,,,,,,,,,,,,,,,,,,,,,,,,,,,,,,,,,,,,,
11,NLD,Netherlands,Very High,0.946,80.67,21.57,13.22,66698.0,0.933,1.0,0.99,14,1,0.519,0.2768,0.2598,0.346,0.847,,,,,,,,,,0.892,,,,,,,,,,0.917,,,,,0.932,,,,0.941,0.938,0.941,0.946,,,,,,,,,,,,,,,,,,,,,,,,,,,,,,,,,,,,,,,,,,,,,,,,,,,,,,,,,,,,,,,,,,
12,BEL,Belgium,Very High,0.942,82.09,21.41,12.23,67633.0,0.955,1.0,0.991,-19,3,0.8284,0.3233,0.2609,0.4574,0.814,,,,,,,,,,0.884,,,,,,,,,,0.913,,,,,0.924,,,,0.936,0.93,0.938,0.942,,,,,,,,,,,,,,,,,,,,,,,,,,,,,,,,,,,,,,,,,,,,,,,,,,,,,,,,,,,,,,,,,,
13,FIN,Finland,Very High,0.942,82.48,20.97,14.0,65496.0,0.961,1.0,0.988,6,0,0.8998,0.2783,0.2701,0.469,0.811,,,,,,,,,,0.887,,,,,,,,,,0.912,,,,,0.93,,,,0.939,0.939,0.941,0.942,,,,,,,,,,,,,,,,,,,,,,,,,,,,,,,,,,,,,,,,,,,,,,,,,,,,,,,,,,,,,,,,,,
14,LIE,Liechtenstein,Very High,0.942,84.12,20.28,13.01,68734.0,0.987,0.997,0.992,20,2,,0.505,0.2335,,,,,,,,,,,,0.871,,,,,,,,,,0.916,,,,,0.926,,,,0.94,0.933,0.936,0.942,,,,,,,,,,,,,,,,,,,,,,,,,,,,,,,,,,,,,,,,,,,,,,,,,,,,,,,,,,,,,,,,,,
15,GBR,United Kingdom,Very High,0.94,82.13,20.44,13.46,66933.0,0.956,1.0,0.99,-18,3,0.7107,0.5648,0.2432,0.4896,0.804,,,,,,,,,,0.863,,,,,,,,,,0.913,,,,,0.923,,,,0.933,0.92,0.931,0.94,,,,,,,,,,,,,,,,,,,,,,,,,,,,,,,,,,,,,,,,,,,,,,,,,,,,,,,,,,,,,,,,,,
16,NZL,New Zealand,Very High,0.939,80.95,20.34,13.45,68152.0,0.938,1.0,0.991,22,-7,0.9667,0.3306,0.1343,0.4551,0.812,,,,,,,,,,0.894,,,,,,,,,,0.924,,,,,0.933,,,,0.937,0.935,0.936,0.939,,,,,,,,,,,,,,,,,,,,,,,,,,,,,,,,,,,,,,,,,,,,,,,,,,,,,,,,,,,,,,,,,,
17,ARE,United Arab Emirates,Very High,0.937,81.32,21.74,13.87,68004.0,0.943,1.0,0.991,2,19,0.9743,0.4709,1.0359,0.8398,0.717,,,,,,,,,,0.79,,,,,,,,,,0.828,,,,,0.86,,,,0.933,0.93,0.931,0.937,,,,,,,,,,,,,,,,,,,,,,,,,,,,,,,,,,,,,,,,,,,,,,,,,,,,,,,,,,,,,,,,,,
18,CAN,Canada,Very High,0.935,84.49,19.17,12.58,67895.0,0.992,0.952,0.991,12,-5,0.3318,0.2335,0.2169,0.258,0.861,,,,,,,,,,0.89,,,,,,,,,,0.911,,,,,0.927,,,,0.932,0.928,0.934,0.935,,,,,,,,,,,,,,,,,,,,,,,,,,,,,,,,,,,,,,,,,,,,,,,,,,,,,,,,,,,,,,,,,,
19,KOR,Korea (Republic of),Very High,0.929,83.93,21.84,13.8,67295.0,0.983,1.0,0.99,20,3,1.2048,0.7735,0.358,0.7519,0.731,,,,,,,,,,0.824,,,,,,,,,,0.89,,,,,0.908,,,,0.922,0.922,0.926,0.929,,,,,,,,,,,,,,,,,,,,,,,,,,,,,,,,,,,,,,,,,,,,,,,,,,,,,,,,,,,,,,,,,,
20,LUX,Luxembourg,Very High,0.927,81.37,21.11,12.43,67411.0,0.944,1.0,0.99,5,-1,0.8612,0.5421,0.136,0.4891,0.793,,,,,,,,,,0.864,,,,,,,,,,0.912,,,,,0.914,,,,0.925,0.921,0.927,0.927,,,,,,,,,,,,,,,,,,,,,,,,,,,,,,,,,,,,,,,,,,,,,,,,,,,,,,,,,,,,,,,,,,
21,USA,United States,Very High,0.927,84.65,20.56,12.39,66219.0,0.995,0.984,0.989,20,-5,0.215,0.2434,0.0995,0.1806,0.875,,,,,,,,,,0.894,,,,,,,,,,0.916,,,,,0.924,,,,0.933,0.923,0.921,0.927,,,,,,,,,,,,,,,,,,,,,,,,,,,,,,,,,,,,,,,,,,,,,,,,,,,,,,,,,,,,,,,,,,
22,AUT,Austria,Very High,0.926,84.57,21.98,11.93,66469.0,0.993,1.0,0.989,-10,-1,0.5569,0.373,0.2098,0.3692,0.823,,,,,,,,,,0.87,,,,,,,,,,0.903,,,,,0.91,,,,0.92,0.916,0.92,0.926,,,,,,,,,,,,,,,,,,,,,,,,,,,,,,,,,,,,,,,,,,,,,,,,,,,,,,,,,,,,,,,,,,
23,SVN,Slovenia,Very High,0.926,82.56,20.08,13.96,66541.0,0.962,1.0,0.989,14,1,,0.7857,0.331,,,,,,,,,,,,0.823,,,,,,,,,,0.89,,,,,0.903,,,,0.918,0.91,0.916,0.926,,,,,,,,,,,,,,,,,,,,,,,,,,,,,,,,,,,,,,,,,,,,,,,,,,,,,,,,,,,,,,,,,,
24,JPN,Japan,Very High,0.92,84.76,21.07,13.28,65628.0,0.996,1.0,0.988,-24,-4,0.429,0.2242,0.1555,0.2624,0.846,,,,,,,,,,0.883,,,,,,,,,,0.903,,,,,0.913,,,,0.918,0.917,0.92,0.92,,,,,,,,,,,,,,,,,,,,,,,,,,,,,,,,,,,,,,,,,,,,,,,,,,,,,,,,,,,,,,,,,,
25,ISR,Israel,Very High,0.915,81.51,20.53,14.0,66242.0,0.946,1.0,0.989,-6,-1,0.6708,0.606,0.2593,0.4961,0.781,,,,,,,,,,0.835,,,,,,,,,,0.887,,,,,0.899,,,,0.909,0.906,0.911,0.915,,,,,,,,,,,,,,,,,,,,,,,,,,,,,,,,,,,,,,,,,,,,,,,,,,,,,,,,,,,,,,,,,,
26,MLT,Malta,Very High,0.915,79.36,20.6,12.79,66239.0,0.913,0.999,0.989,0,3,0.7071,1.0176,0.4985,0.7257,0.726,,,,,,,,,,0.779,,,,,,,,,,0.862,,,,,0.887,,,,0.905,0.901,0.912,0.915,,,,,,,,,,,,,,,,,,,,,,,,,,,,,,,,,,,,,,,,,,,,,,,,,,,,,,,,,,,,,,,,,,
27,ESP,Spain,Very High,0.911,80.63,21.02,13.43,66282.0,0.933,1.0,0.989,18,0,0.8341,0.4729,0.4037,0.5597,0.762,,,,,,,,,,0.828,,,,,,,,,,0.868,,,,,0.889,,,,0.904,0.894,0.904,0.911,,,,,,,,,,,,,,,,,,,,,,,,,,,,,,,,,,,,,,,,,,,,,,,,,,,,,,,,,,,,,,,,,,
28,FRA,France,Very High,0.91,82.49,21.12,12.28,66038.0,0.961,0.996,0.989,-25,-3,0.6634,0.4186,0.2797,0.4429,0.79,,,,,,,,,,0.844,,,,,,,,,,0.88,,,,,0.893,,,,0.905,0.9,0.906,0.91,,,,,,,,,,,,,,,,,,,,,,,,,,,,,,,,,,,,,,,,,,,,,,,,,,,,,,,,,,,,,,,,,,
29,CYP,Cyprus,Very High,0.907,82.26,20.43,12.58,66679.0,0.958,0.987,0.99,8,3,0.8406,0.752,0.4541,0.6678,0.733,,,,,,,,,,0.797,,,,,,,,,,0.859,,,,,0.874,,,,0.901,0.9,0.901,0.907,,,,,,,,,,,,,,,,,,,,,,,,,,,,,,,,,,,,,,,,,,,,,,,,,,,,,,,,,,,,,,,,,,
30,ITA,Italy,Very High,0.906,80.76,20.93,13.24,66508.0,0.935,1.0,0.989,22,0,0.7678,0.4424,0.2429,0.4691,0.78,,,,,,,,,,0.842,,,,,,,,,,0.88,,,,,0.881,,,,0.899,0.892,0.899,0.906,,,,,,,,,,,,,,,,,,,,,,,,,,,,,,,,,,,,,,,,,,,,,,,,,,,,,,,,,,,,,,,,,,
31,,Very high human development,Very High,0.902,78.7,20.82,13.66,64859.0,0.903,1.0,0.987,-20,0,0.5347,0.496,0.3015,0.4351,0.785,,,,,,,,,,0.828,,,,,,,,,,0.87,,,,,0.889,,,,0.901,0.895,0.896,0.902,,,,,,,,,,,,,,,,,,,,,,,,,,,,,,,,,,,,,,,,,,,,,,,,,,,,,,,,,,,,,,,,,,
32,EST,Estonia,Very High,0.899,80.51,20.65,13.29,65893.0,0.931,1.0,0.988,2,-2,0.7438,0.7978,0.3315,0.6058,0.741,,,,,,,,,,0.798,,,,,,,,,,0.864,,,,,0.883,,,,0.893,0.891,0.89,0.899,,,,,,,,,,,,,,,,,,,,,,,,,,,,,,,,,,,,,,,,,,,,,,,,,,,,,,,,,,,,,,,,,,
33,CZE,Czechia,Very High,0.895,81.58,21.69,11.67,65699.0,0.947,0.991,0.988,19,-6,0.7995,0.7403,0.2172,0.5623,0.748,,,,,,,,,,0.81,,,,,,,,,,0.872,,,,,0.891,,,,0.896,0.891,0.891,0.895,,,,,,,,,,,,,,,,,,,,,,,,,,,,,,,,,,,,,,,,,,,,,,,,,,,,,,,,,,,,,,,,,,
34,GRC,Greece,Very High,0.893,83.32,18.31,13.31,65183.0,0.974,0.952,0.988,19,-3,0.7117,0.6644,0.1794,0.497,0.762,,,,,,,,,,0.818,,,,,,,,,,0.874,,,,,0.881,,,,0.89,0.887,0.887,0.893,,,,,,,,,,,,,,,,,,,,,,,,,,,,,,,,,,,,,,,,,,,,,,,,,,,,,,,,,,,,,,,,,,
35,BHR,Bahrain,Very High,0.888,78.8,20.51,13.78,64572.0,0.905,1.0,0.987,-22,3,0.5587,0.4054,0.8003,0.6013,0.733,,,,,,,,,,0.775,,,,,,,,,,0.807,,,,,0.859,,,,0.888,0.884,0.884,0.888,,,,,,,,,,,,,,,,,,,,,,,,,,,,,,,,,,,,,,,,,,,,,,,,,,,,,,,,,,,,,,,,,,
36,AND,Andorra,Very High,0.884,79.52,20.09,12.92,65672.0,0.916,0.989,0.988,-20,3,,0.5739,0.2006,,,,,,,,,,,,0.815,,,,,,,,,,0.863,,,,,0.856,,,,0.865,0.843,0.855,0.884,,,,,,,,,,,,,,,,,,,,,,,,,,,,,,,,,,,,,,,,,,,,,,,,,,,,,,,,,,,,,,,,,,
37,POL,Poland,Very High,0.881,80.4,19.91,13.04,64403.0,0.929,0.988,0.986,-6,-2,1.0535,0.6245,0.3483,0.6546,0.715,,,,,,,,,,0.794,,,,,,,,,,0.845,,,,,0.869,,,,0.88,0.874,0.876,0.881,,,,,,,,,,,,,,,,,,,,,,,,,,,,,,,,,,,,,,,,,,,,,,,,,,,,,,,,,,,,,,,,,,
38,LVA,Latvia,Very High,0.879,82.07,19.07,12.01,65420.0,0.955,0.93,0.988,-17,2,0.3893,0.8352,0.5095,0.5735,0.732,,,,,,,,,,0.761,,,,,,,,,,0.827,,,,,0.853,,,,0.873,0.873,0.865,0.879,,,,,,,,,,,,,,,,,,,,,,,,,,,,,,,,,,,,,,,,,,,,,,,,,,,,,,,,,,,,,,,,,,
39,LTU,Lithuania,Very High,0.879,80.27,18.8,12.77,64618.0,0.927,0.948,0.987,-13,-2,0.3851,0.9589,0.3194,0.5394,0.74,,,,,,,,,,0.769,,,,,,,,,,0.846,,,,,0.865,,,,0.886,0.88,0.875,0.879,,,,,,,,,,,,,,,,,,,,,,,,,,,,,,,,,,,,,,,,,,,,,,,,,,,,,,,,,,,,,,,,,,
40,HRV,Croatia,Very High,0.878,79.62,19.14,12.48,63527.0,0.917,0.948,0.985,24,6,,0.7589,0.5304,,,,,,,,,,,,0.764,,,,,,,,,,0.824,,,,,0.844,,,,0.866,0.86,0.867,0.878,,,,,,,,,,,,,,,,,,,,,,,,,,,,,,,,,,,,,,,,,,,,,,,,,,,,,,,,,,,,,,,,,,
41,SAU,Saudi Arabia,Very High,0.875,81.79,19.6,13.57,63758.0,0.951,0.997,0.986,3,6,0.6529,0.7641,0.6973,0.7043,0.699,,,,,,,,,,0.746,,,,,,,,,,0.805,,,,,0.842,,,,0.862,0.861,0.867,0.875,,,,,,,,,,,,,,,,,,,,,,,,,,,,,,,,,,,,,,,,,,,,,,,,,,,,,,,,,,,,,,,,,,
42,QAT,Qatar,Very High,0.875,81.41,20.24,12.44,63748.0,0.945,0.977,0.986,8,0,0.3732,0.445,0.451,0.4248,0.764,,,,,,,,,,0.793,,,,,,,,,,0.829,,,,,0.852,,,,0.869,0.863,0.864,0.875,,,,,,,,,,,,,,,,,,,,,,,,,,,,,,,,,,,,,,,,,,,,,,,,,,,,,,,,,,,,,,,,,,
43,PRT,Portugal,Very High,0.874,83.82,17.91,11.86,65293.0,0.982,0.893,0.988,-21,0,1.2119,0.4692,0.4213,0.6827,0.703,,,,,,,,,,0.793,,,,,,,,,,0.831,,,,,0.85,,,,0.864,0.861,0.865,0.874,,,,,,,,,,,,,,,,,,,,,,,,,,,,,,,,,,,,,,,,,,,,,,,,,,,,,,,,,,,,,,,,,,
44,SMR,San Marino,Very High,0.867,79.1,20.22,12.52,62191.0,0.909,0.979,0.983,0,-10,0.3971,0.2932,-0.32,0.0952,0.841,,,,,,,,,,0.875,,,,,,,,,,0.901,,,,,0.872,,,,0.861,0.844,0.853,0.867,,,,,,,,,,,,,,,,,,,,,,,,,,,,,,,,,,,,,,,,,,,,,,,,,,,,,,,,,,,,,,,,,,
45,CHL,Chile,Very High,0.86,80.56,18.48,12.08,63070.0,0.932,0.916,0.985,9,0,0.7937,0.6367,0.4694,0.623,0.705,,,,,,,,,,0.763,,,,,,,,,,0.813,,,,,0.846,,,,0.859,0.849,0.856,0.86,,,,,,,,,,,,,,,,,,,,,,,,,,,,,,,,,,,,,,,,,,,,,,,,,,,,,,,,,,,,,,,,,,
46,SVK,Slovakia,Very High,0.855,78.03,18.57,12.52,63826.0,0.893,0.933,0.986,22,-5,,1.0046,0.1377,,,,,,,,,,,,0.761,,,,,,,,,,0.841,,,,,0.852,,,,0.863,0.86,0.852,0.855,,,,,,,,,,,,,,,,,,,,,,,,,,,,,,,,,,,,,,,,,,,,,,,,,,,,,,,,,,,,,,,,,,
47,TUR,Türkiye,Very High,0.855,79.53,20.39,12.34,62257.0,0.916,0.978,0.983,0,9,1.1283,1.1494,1.0979,1.1235,0.598,,,,,,,,,,0.669,,,,,,,,,,0.75,,,,,0.821,,,,0.842,0.835,0.841,0.855,,,,,,,,,,,,,,,,,,,,,,,,,,,,,,,,,,,,,,,,,,,,,,,,,,,,,,,,,,,,,,,,,,
48,HUN,Hungary,Very High,0.851,79.72,19.84,12.76,62964.0,0.919,0.976,0.984,-21,0,0.6988,0.7019,0.2185,0.5194,0.721,,,,,,,,,,0.773,,,,,,,,,,0.829,,,,,0.839,,,,0.854,0.849,0.846,0.851,,,,,,,,,,,,,,,,,,,,,,,,,,,,,,,,,,,,,,,,,,,,,,,,,,,,,,,,,,,,,,,,,,
49,ARG,Argentina,Very High,0.849,81.05,18.76,12.85,64097.0,0.939,0.95,0.986,-19,-6,0.7478,0.6716,0.1487,0.499,0.724,,,,,,,,,,0.78,,,,,,,,,,0.834,,,,,0.85,,,,0.853,0.841,0.844,0.849,,,,,,,,,,,,,,,,,,,,,,,,,,,,,,,,,,,,,,,,,,,,,,,,,,,,,,,,,,,,,,,,,,
50,KWT,Kuwait,Very High,0.847,80.17,19.07,12.09,62337.0,0.926,0.933,0.984,-23,0,1.1169,0.3905,0.3626,0.6065,0.698,,,,,,,,,,0.78,,,,,,,,,,0.811,,,,,0.829,,,,0.838,0.826,0.836,0.847,,,,,,,,,,,,,,,,,,,,,,,,,,,,,,,,,,,,,,,,,,,,,,,,,,,,,,,,,,,,,,,,,,
51,MNE,Montenegro,Very High,0.844,83.58,19.9,11.69,63299.0,0.978,0.942,0.985,14,1,,,0.3846,,,,,,,,,,,,,,,,,,,,,,0.806,,,,,0.827,,,,0.841,0.832,0.84,0.844,,,,,,,,,,,,,,,,,,,,,,,,,,,,,,,,,,,,,,,,,,,,,,,,,,,,,,,,,,,,,,,,,,
52,KNA,Saint Kitts and Nevis,Very High,0.838,79.16,21.04,12.63,63184.0,0.91,1.0,0.985,-6,-2,,,0.4928,,,,,,,,,,,,,,,,,,,,,,0.79,,,,,0.829,,,,0.838,0.832,0.832,0.838,,,,,,,,,,,,,,,,,,,,,,,,,,,,,,,,,,,,,,,,,,,,,,,,,,,,,,,,,,,,,,,,,,
53,URY,Uruguay,Very High,0.83,79.67,18.88,12.12,62088.0,0.918,0.928,0.983,24,8,0.7171,0.4037,0.4656,0.5248,0.702,,,,,,,,,,0.754,,,,,,,,,,0.785,,,,,0.807,,,,0.818,0.82,0.814,0.83,,,,,,,,,,,,,,,,,,,,,,,,,,,,,,,,,,,,,,,,,,,,,,,,,,,,,,,,,,,,,,,,,,
54,ROU,Romania,Very High,0.827,79.72,20.01,11.5,62347.0,0.919,0.939,0.984,13,3,0.168,1.2082,0.1424,0.4823,0.709,,,,,,,,,,0.721,,,,,,,,,,0.813,,,,,0.813,,,,0.834,0.828,0.825,0.827,,,,,,,,,,,,,,,,,,,,,,,,,,,,,,,,,,,,,,,,,,,,,,,,,,,,,,,,,,,,,,,,,,
55,ATG,Antigua and Barbuda,Very High,0.826,79.67,18.57,13.28,61031.0,0.918,0.958,0.982,-10,1,,,0.1838,,,,,,,,,,,,,,,,,,,,,,0.808,,,,,0.818,,,,0.831,0.82,0.819,0.826,,,,,,,,,,,,,,,,,,,,,,,,,,,,,,,,,,,,,,,,,,,,,,,,,,,,,,,,,,,,,,,,,,
56,BRN,Brunei Darussalam,Very High,0.823,80.69,18.36,11.41,62418.0,0.934,0.89,0.984,24,-7,0.1276,0.4472,-0.0202,0.1719,0.779,,,,,,,,,,0.789,,,,,,,,,,0.825,,,,,0.832,,,,0.827,0.827,0.824,0.823,,,,,,,,,,,,,,,,,,,,,,,,,,,,,,,,,,,,,,,,,,,,,,,,,,,,,,,,,,,,,,,,,,
57,RUS,Russian Federation,Very High,0.821,80.44,20.88,10.89,60464.0,0.93,0.943,0.981,-7,-3,-0.1085,0.8406,0.2475,0.3209,0.741,,,,,,,,,,0.733,,,,,,,,,,0.797,,,,,0.823,,,,0.839,0.826,0.818,0.821,,,,,,,,,,,,,,,,,,,,,,,,,,,,,,,,,,,,,,,,,,,,,,,,,,,,,,,,,,,,,,,,,,
58,BHS,Bahamas,Very High,0.82,79.43,17.61,11.03,61155.0,0.914,0.857,0.982,-22,3,0.3625,0.1513,0.206,0.2377,0.76,,,,,,,,,,0.788,,,,,,,,,,0.8,,,,,0.807,,,,0.802,0.798,0.799,0.82,,,,,,,,,,,,,,,,,,,,,,,,,,,,,,,,,,,,,,,,,,,,,,,,,,,,,,,,,,,,,,,,,,
59,PAN,Panama,Very High,0.82,78.5,19.56,12.76,62231.0,0.9,0.969,0.983,1,5,0.7202,0.7109,0.4715,0.624,0.672,,,,,,,,,,0.722,,,,,,,,,,0.775,,,,,0.802,,,,0.82,0.809,0.813,0.82,,,,,,,,,,,,,,,,,,,,,,,,,,,,,,,,,,,,,,,,,,,,,,,,,,,,,,,,,,,,,,,,,,
60,OMN,Oman,Very High,0.819,77.6,19.93,11.26,62717.0,0.886,0.929,0.984,15,-7,,1.29,0.2167,,,,,,,,,,,,0.702,,,,,,,,,,0.798,,,,,0.824,,,,0.841,0.823,0.81,0.819,,,,,,,,,,,,,,,,,,,,,,,,,,,,,,,,,,,,,,,,,,,,,,,,,,,,,,,,,,,,,,,,,,
61,TTO,Trinidad and Tobago,Very High,0.814,80.63,18.47,11.45,61166.0,0.933,0.895,0.982,-17,-3,0.7658,1.0377,0.3028,0.6767,0.656,,,,,,,,,,0.708,,,,,,,,,,0.785,,,,,0.812,,,,0.813,0.815,0.804,0.814,,,,,,,,,,,,,,,,,,,,,,,,,,,,,,,,,,,,,,,,,,,,,,,,,,,,,,,,,,,,,,,,,,
62,GEO,Georgia,Very High,0.814,81.1,18.75,12.27,60372.0,0.94,0.93,0.981,-4,4,,0.9524,0.5406,,,,,,,,,,,,0.694,,,,,,,,,,0.763,,,,,0.798,,,,0.816,0.807,0.809,0.814,,,,,,,,,,,,,,,,,,,,,,,,,,,,,,,,,,,,,,,,,,,,,,,,,,,,,,,,,,,,,,,,,,
63,BRB,Barbados,Very High,0.809,79.37,19.62,11.63,59661.0,0.913,0.933,0.98,-3,2,0.4311,0.4133,0.1771,0.3302,0.728,,,,,,,,,,0.76,,,,,,,,,,0.792,,,,,0.798,,,,0.806,0.803,0.803,0.809,,,,,,,,,,,,,,,,,,,,,,,,,,,,,,,,,,,,,,,,,,,,,,,,,,,,,,,,,,,,,,,,,,
64,MYS,Malaysia,Very High,0.807,80.09,18.35,11.03,61865.0,0.924,0.877,0.983,-2,6,1.1275,0.564,0.4136,0.6832,0.649,,,,,,,,,,0.726,,,,,,,,,,0.768,,,,,0.792,,,,0.805,0.802,0.798,0.807,,,,,,,,,,,,,,,,,,,,,,,,,,,,,,,,,,,,,,,,,,,,,,,,,,,,,,,,,,,,,,,,,,
65,CRI,Costa Rica,Very High,0.806,78.5,19.69,11.57,60922.0,0.9,0.933,0.981,1,5,0.734,0.8157,0.3924,0.6312,0.659,,,,,,,,,,0.709,,,,,,,,,,0.769,,,,,0.792,,,,0.811,0.811,0.804,0.806,,,,,,,,,,,,,,,,,,,,,,,,,,,,,,,,,,,,,,,,,,,,,,,,,,,,,,,,,,,,,,,,,,
66,SRB,Serbia,Very High,0.805,77.51,17.71,12.76,60694.0,0.885,0.917,0.981,-17,3,,1.0914,0.3929,,,,,,,,,,,,0.689,,,,,,,,,,0.768,,,,,0.794,,,,0.812,0.806,0.804,0.805,,,,,,,,,,,,,,,,,,,,,,,,,,,,,,,,,,,,,,,,,,,,,,,,,,,,,,,,,,,,,,,,,,
67,THA,Thailand,Very High,0.803,77.52,19.11,11.93,62156.0,0.885,0.929,0.983,23,6,1.329,1.1457,0.6493,1.0164,0.581,,,,,,,,,,0.663,,,,,,,,,,0.743,,,,,0.789,,,,0.801,0.8,0.797,0.803,,,,,,,,,,,,,,,,,,,,,,,,,,,,,,,,,,,,,,,,,,,,,,,,,,,,,,,,,,,,,,,,,,
68,KAZ,Kazakhstan,Very High,0.802,79.33,19.36,11.66,61679.0,0.913,0.926,0.983,14,-4,0.1184,1.198,0.3835,0.5542,0.672,,,,,,,,,,0.68,,,,,,,,,,0.766,,,,,0.799,,,,0.81,0.806,0.801,0.802,,,,,,,,,,,,,,,,,,,,,,,,,,,,,,,,,,,,,,,,,,,,,,,,,,,,,,,,,,,,,,,,,,
69,SYC,Seychelles,Very High,0.802,80.22,18.98,11.7,60866.0,0.927,0.917,0.981,-1,-1,,0.2489,0.2966,,,,,,,,,,,,0.755,,,,,,,,,,0.774,,,,,0.797,,,,0.808,0.799,0.795,0.802,,,,,,,,,,,,,,,,,,,,,,,,,,,,,,,,,,,,,,,,,,,,,,,,,,,,,,,,,,,,,,,,,,
70,BLR,Belarus,Very High,0.801,80.42,19.23,11.44,61663.0,0.93,0.915,0.983,-23,-11,,1.1019,0.1153,,,,,,,,,,,,0.708,,,,,,,,,,0.79,,,,,0.809,,,,0.81,0.8,0.801,0.801,,,,,,,,,,,,,,,,,,,,,,,,,,,,,,,,,,,,,,,,,,,,,,,,,,,,,,,,,,,,,,,,,,
71,BGR,Bulgaria,High,0.799,75.56,17.93,12.13,23906.0,0.855,0.903,0.898,7,-12,0.3525,0.8902,0.0944,0.4232,0.698,,,,,,,,,,0.723,,,,,,,,,,0.79,,,,,0.809,,,,0.813,0.802,0.796,0.799,,,,,,,,,,,,,,,,,,,,,,,,,,,,,,,,,,,,,,,,,,,,,,,,,,,,,,,,,,,,,,,,,,
72,PLW,Palau,High,0.797,80.47,20.22,12.21,24584.0,0.93,0.969,0.901,23,3,,0.3687,0.2335,,,,,,,,,,,,0.747,,,,,,,,,,0.775,,,,,0.782,,,,0.792,0.794,0.802,0.797,,,,,,,,,,,,,,,,,,,,,,,,,,,,,,,,,,,,,,,,,,,,,,,,,,,,,,,,,,,,,,,,,,
73,MUS,Mauritius,High,0.796,78.05,19.27,11.42,23535.0,0.893,0.916,0.897,23,-1,0.9577,1.0221,0.4417,0.7839,0.62,,,,,,,,,,0.682,,,,,,,,,,0.755,,,,,0.791,,,,0.806,0.792,0.79,0.796,,,,,,,,,,,,,,,,,,,,,,,,,,,,,,,,,,,,,,,,,,,,,,,,,,,,,,,,,,,,,,,,,,
74,GRD,Grenada,High,0.793,77.43,19.29,10.72,24625.0,0.884,0.893,0.901,16,0,,,0.1485,,,,,,,,,,,,,,,,,,,,,,0.779,,,,,0.786,,,,0.79,0.786,0.788,0.793,,,,,,,,,,,,,,,,,,,,,,,,,,,,,,,,,,,,,,,,,,,,,,,,,,,,,,,,,,,,,,,,,,
75,ALB,Albania,High,0.789,81.06,17.8,11.38,24935.0,0.939,0.874,0.902,-15,-8,0.4381,1.2278,0.2468,0.6123,0.649,,,,,,,,,,0.678,,,,,,,,,,0.766,,,,,0.797,,,,0.8,0.784,0.785,0.789,,,,,,,,,,,,,,,,,,,,,,,,,,,,,,,,,,,,,,,,,,,,,,,,,,,,,,,,,,,,,,,,,,
76,CHN,China,High,0.788,78.53,17.95,11.43,23703.0,0.901,0.88,0.897,8,18,1.973,1.7644,1.0158,1.548,0.482,,,,,,,,,,0.586,,,,,,,,,,0.698,,,,,0.741,,,,0.775,0.781,0.785,0.788,,,,,,,,,,,,,,,,,,,,,,,,,,,,,,,,,,,,,,,,,,,,,,,,,,,,,,,,,,,,,,,,,,
77,ARM,Armenia,High,0.786,80.19,19.58,10.44,23735.0,0.926,0.892,0.898,3,2,-0.0304,1.1985,0.5151,0.557,0.658,,,,,,,,,,0.656,,,,,,,,,,0.739,,,,,0.769,,,,0.789,0.769,0.774,0.786,,,,,,,,,,,,,,,,,,,,,,,,,,,,,,,,,,,,,,,,,,,,,,,,,,,,,,,,,,,,,,,,,,
78,MEX,Mexico,High,0.781,76.21,17.54,10.57,23988.0,0.865,0.84,0.898,-22,1,0.6276,0.5235,0.3716,0.499,0.666,,,,,,,,,,0.709,,,,,,,,,,0.747,,,,,0.769,,,,0.781,0.757,0.757,0.781,,,,,,,,,,,,,,,,,,,,,,,,,,,,,,,,,,,,,,,,,,,,,,,,,,,,,,,,,,,,,,,,,,
79,LKA,Sri Lanka,High,0.78,78.05,18.36,12.07,23515.0,0.893,0.912,0.897,12,6,0.7247,0.6484,0.4964,0.6152,0.641,,,,,,,,,,0.689,,,,,,,,,,0.735,,,,,0.76,,,,0.775,0.777,0.783,0.78,,,,,,,,,,,,,,,,,,,,,,,,,,,,,,,,,,,,,,,,,,,,,,,,,,,,,,,,,,,,,,,,,,
80,IRN,Iran (Islamic Republic of),High,0.78,80.87,18.0,10.68,22989.0,0.936,0.856,0.895,-20,-4,1.2196,0.8885,0.2608,0.7557,0.613,,,,,,,,,,0.692,,,,,,,,,,0.756,,,,,0.782,,,,0.785,0.779,0.776,0.78,,,,,,,,,,,,,,,,,,,,,,,,,,,,,,,,,,,,,,,,,,,,,,,,,,,,,,,,,,,,,,,,,,
81,BIH,Bosnia and Herzegovina,High,0.779,77.09,17.61,10.98,24433.0,0.878,0.855,0.9,21,7,,0.9072,0.6818,,,,,,,,,,,,0.656,,,,,,,,,,0.718,,,,,0.757,,,,0.78,0.776,0.776,0.779,,,,,,,,,,,,,,,,,,,,,,,,,,,,,,,,,,,,,,,,,,,,,,,,,,,,,,,,,,,,,,,,,,
82,VCT,Saint Vincent and the Grenadines,High,0.772,79.51,18.47,10.44,23996.0,0.916,0.861,0.898,-23,-5,,0.9031,0.1747,,,,,,,,,,,,0.691,,,,,,,,,,0.756,,,,,0.777,,,,0.789,0.785,0.773,0.772,,,,,,,,,,,,,,,,,,,,,,,,,,,,,,,,,,,,,,,,,,,,,,,,,,,,,,,,,,,,,,,,,,
83,DOM,Dominican Republic,High,0.766,78.4,17.62,10.26,23109.0,0.899,0.831,0.895,11,12,1.101,0.9064,0.6702,0.8785,0.579,,,,,,,,,,0.646,,,,,,,,,,0.707,,,,,0.739,,,,0.765,0.76,0.756,0.766,,,,,,,,,,,,,,,,,,,,,,,,,,,,,,,,,,,,,,,,,,,,,,,,,,,,,,,,,,,,,,,,,,
84,ECU,Ecuador,High,0.765,77.36,17.79,11.89,22674.0,0.882,0.89,0.893,13,-1,0.5888,0.7354,0.3226,0.5346,0.645,,,,,,,,,,0.684,,,,,,,,,,0.736,,,,,0.764,,,,0.758,0.734,0.746,0.765,,,,,,,,,,,,,,,,,,,,,,,,,,,,,,,,,,,,,,,,,,,,,,,,,,,,,,,,,,,,,,,,,,
85,MKD,North Macedonia,High,0.765,75.41,18.7,11.07,23139.0,0.853,0.889,0.895,8,-7,,0.9902,0.2098,,,,,,,,,,,,0.676,,,,,,,,,,0.746,,,,,0.777,,,,0.787,0.766,0.764,0.765,,,,,,,,,,,,,,,,,,,,,,,,,,,,,,,,,,,,,,,,,,,,,,,,,,,,,,,,,,,,,,,,,,
86,CUB,Cuba,High,0.764,78.91,18.37,10.2,23385.0,0.906,0.85,0.896,11,-4,0.1452,1.1621,-0.1619,0.3463,0.684,,,,,,,,,,0.694,,,,,,,,,,0.779,,,,,0.765,,,,0.766,0.759,0.742,0.764,,,,,,,,,,,,,,,,,,,,,,,,,,,,,,,,,,,,,,,,,,,,,,,,,,,,,,,,,,,,,,,,,,
87,,High human development,High,0.764,78.57,17.81,10.78,24044.0,0.901,0.854,0.899,23,0,1.1204,1.1668,0.6958,0.9754,0.56,,,,,,,,,,0.626,,,,,,,,,,0.703,,,,,0.736,,,,0.76,0.759,0.76,0.764,,,,,,,,,,,,,,,,,,,,,,,,,,,,,,,,,,,,,,,,,,,,,,,,,,,,,,,,,,,,,,,,,,
88,MDA,Moldova (Republic of),High,0.763,80.51,18.44,11.54,23644.0,0.931,0.897,0.897,6,5,-0.4903,0.8944,0.5312,0.3239,0.688,,,,,,,,,,0.655,,,,,,,,,,0.716,,,,,0.749,,,,0.773,0.765,0.767,0.763,,,,,,,,,,,,,,,,,,,,,,,,,,,,,,,,,,,,,,,,,,,,,,,,,,,,,,,,,,,,,,,,,,
89,MDV,Maldives,High,0.762,78.98,18.06,10.09,21963.0,0.907,0.838,0.891,0,13,,0.8633,0.8062,,,,,,,,,,,,0.635,,,,,,,,,,0.692,,,,,0.728,,,,0.753,0.737,0.753,0.762,,,,,,,,,,,,,,,,,,,,,,,,,,,,,,,,,,,,,,,,,,,,,,,,,,,,,,,,,,,,,,,,,,
90,PER,Peru,High,0.762,73.98,17.7,11.62,22531.0,0.83,0.879,0.893,18,-2,0.8536,0.7171,0.4157,0.6465,0.62,,,,,,,,,,0.675,,,,,,,,,,0.725,,,,,0.758,,,,0.774,0.758,0.755,0.762,,,,,,,,,,,,,,,,,,,,,,,,,,,,,,,,,,,,,,,,,,,,,,,,,,,,,,,,,,,,,,,,,,
91,AZE,Azerbaijan,High,0.76,75.92,17.3,10.74,23803.0,0.86,0.839,0.898,8,1,,1.4456,0.3019,,,,,,,,,,,,0.635,,,,,,,,,,0.733,,,,,0.751,,,,0.762,0.722,0.738,0.76,,,,,,,,,,,,,,,,,,,,,,,,,,,,,,,,,,,,,,,,,,,,,,,,,,,,,,,,,,,,,,,,,,
92,BRA,Brazil,High,0.76,76.82,18.2,10.82,22575.0,0.874,0.866,0.893,12,0,0.7485,0.7804,0.4284,0.6383,0.62,,,,,,,,,,0.668,,,,,,,,,,0.722,,,,,0.752,,,,0.764,0.758,0.756,0.76,,,,,,,,,,,,,,,,,,,,,,,,,,,,,,,,,,,,,,,,,,,,,,,,,,,,,,,,,,,,,,,,,,
93,COL,Colombia,High,0.758,76.87,18.22,11.1,22032.0,0.875,0.876,0.891,-3,-6,0.9067,0.8589,0.2913,0.6606,0.614,,,,,,,,,,0.672,,,,,,,,,,0.732,,,,,0.758,,,,0.768,0.756,0.752,0.758,,,,,,,,,,,,,,,,,,,,,,,,,,,,,,,,,,,,,,,,,,,,,,,,,,,,,,,,,,,,,,,,,,
94,LBY,Libya,High,0.746,79.62,17.68,10.88,24680.0,0.917,0.854,0.901,23,-1,0.2998,0.3691,-0.3066,0.0936,0.724,,,,,,,,,,0.746,,,,,,,,,,0.774,,,,,0.749,,,,0.756,0.737,0.746,0.746,,,,,,,,,,,,,,,,,,,,,,,,,,,,,,,,,,,,,,,,,,,,,,,,,,,,,,,,,,,,,,,,,,
95,DZA,Algeria,High,0.745,75.09,17.3,11.23,21707.0,0.848,0.855,0.89,-23,5,0.953,1.011,0.2732,0.7156,0.593,,,,,,,,,,0.652,,,,,,,,,,0.721,,,,,0.736,,,,0.742,0.73,0.74,0.745,,,,,,,,,,,,,,,,,,,,,,,,,,,,,,,,,,,,,,,,,,,,,,,,,,,,,,,,,,,,,,,,,,
96,TKM,Turkmenistan,High,0.744,79.55,18.15,10.61,22641.0,0.916,0.858,0.893,-3,7,,,0.5213,,,,,,,,,,,,,,,,,,,,,,0.699,,,,,0.725,,,,0.732,0.731,0.74,0.744,,,,,,,,,,,,,,,,,,,,,,,,,,,,,,,,,,,,,,,,,,,,,,,,,,,,,,,,,,,,,,,,,,
97,GUY,Guyana,High,0.742,78.71,17.73,12.73,23376.0,0.903,0.917,0.896,17,27,1.4003,1.322,1.1092,1.2666,0.496,,,,,,,,,,0.57,,,,,,,,,,0.65,,,,,0.686,,,,0.711,0.727,0.721,0.742,,,,,,,,,,,,,,,,,,,,,,,,,,,,,,,,,,,,,,,,,,,,,,,,,,,,,,,,,,,,,,,,,,
98,MNG,Mongolia,High,0.741,75.9,17.95,11.42,23438.0,0.86,0.879,0.896,-18,-2,0.273,1.6385,0.4755,0.7739,0.579,,,,,,,,,,0.595,,,,,,,,,,0.7,,,,,0.739,,,,0.749,0.74,0.73,0.741,,,,,,,,,,,,,,,,,,,,,,,,,,,,,,,,,,,,,,,,,,,,,,,,,,,,,,,,,,,,,,,,,,
99,DMA,Dominica,High,0.74,76.29,17.35,10.29,23319.0,0.866,0.825,0.896,-8,8,,0.1925,0.0565,,,,,,,,,,,,0.721,,,,,,,,,,0.735,,,,,0.719,,,,0.745,0.738,0.737,0.74,,,,,,,,,,,,,,,,,,,,,,,,,,,,,,,,,,,,,,,,,,,,,,,,,,,,,,,,,,,,,,,,,,
100,TON,Tonga,High,0.739,74.63,17.4,10.09,23376.0,0.84,0.82,0.896,23,5,0.5933,0.4333,0.346,0.4505,0.64,,,,,,,,,,0.679,,,,,,,,,,0.709,,,,,0.723,,,,0.74,0.742,0.738,0.739,,,,,,,,,,,,,,,,,,,,,,,,,,,,,,,,,,,,,,,,,,,,,,,,,,,,,,,,,,,,,,,,,,
101,JOR,Jordan,High,0.736,75.52,18.49,11.47,22761.0,0.854,0.896,0.894,14,-3,0.9103,0.6558,0.1026,0.5273,0.622,,,,,,,,,,0.681,,,,,,,,,,0.727,,,,,0.738,,,,0.744,0.74,0.736,0.736,,,,,,,,,,,,,,,,,,,,,,,,,,,,,,,,,,,,,,,,,,,,,,,,,,,,,,,,,,,,,,,,,,
102,UKR,Ukraine,High,0.734,76.53,16.79,10.2,22437.0,0.87,0.806,0.892,-10,-18,-0.4609,0.934,-0.355,0.0128,0.731,,,,,,,,,,0.698,,,,,,,,,,0.766,,,,,0.764,,,,0.774,0.762,0.755,0.734,,,,,,,,,,,,,,,,,,,,,,,,,,,,,,,,,,,,,,,,,,,,,,,,,,,,,,,,,,,,,,,,,,
103,TUN,Tunisia,High,0.732,77.06,18.62,9.92,22053.0,0.878,0.848,0.891,-3,1,1.409,0.9139,0.2194,0.8069,0.566,,,,,,,,,,0.651,,,,,,,,,,0.713,,,,,0.724,,,,0.74,0.734,0.729,0.732,,,,,,,,,,,,,,,,,,,,,,,,,,,,,,,,,,,,,,,,,,,,,,,,,,,,,,,,,,,,,,,,,,
104,MHL,Marshall Islands,High,0.731,78.6,17.06,10.11,22359.0,0.901,0.811,0.892,3,17,,,,,,,,,,,,,,,,,,,,,,,,,,,,,,0.688,,,,0.722,0.727,0.729,0.731,,,,,,,,,,,,,,,,,,,,,,,,,,,,,,,,,,,,,,,,,,,,,,,,,,,,,,,,,,,,,,,,,,
105,PRY,Paraguay,High,0.731,74.53,17.82,10.95,23808.0,0.839,0.86,0.898,10,-6,0.8293,0.6513,0.3618,0.5982,0.604,,,,,,,,,,0.656,,,,,,,,,,0.7,,,,,0.738,,,,0.746,0.742,0.73,0.731,,,,,,,,,,,,,,,,,,,,,,,,,,,,,,,,,,,,,,,,,,,,,,,,,,,,,,,,,,,,,,,,,,
106,,Small island developing states,High,0.73,76.62,17.38,10.09,22968.0,0.871,0.819,0.895,-11,0,0.72,0.6571,0.4223,0.5887,0.605,,,,,,,,,,0.65,,,,,,,,,,0.694,,,,,0.721,,,,0.731,0.727,0.722,0.73,,,,,,,,,,,,,,,,,,,,,,,,,,,,,,,,,,,,,,,,,,,,,,,,,,,,,,,,,,,,,,,,,,
107,FJI,Fiji,High,0.729,75.13,18.07,10.87,22360.0,0.848,0.864,0.892,2,2,0.6024,0.4396,0.3508,0.4571,0.63,,,,,,,,,,0.669,,,,,,,,,,0.699,,,,,0.716,,,,0.73,0.722,0.715,0.729,,,,,,,,,,,,,,,,,,,,,,,,,,,,,,,,,,,,,,,,,,,,,,,,,,,,,,,,,,,,,,,,,,
108,EGY,Egypt,High,0.728,77.89,17.58,10.28,22059.0,0.891,0.831,0.891,-20,11,1.0431,0.5883,0.7319,0.7841,0.567,,,,,,,,,,0.629,,,,,,,,,,0.667,,,,,0.695,,,,0.724,0.729,0.726,0.728,,,,,,,,,,,,,,,,,,,,,,,,,,,,,,,,,,,,,,,,,,,,,,,,,,,,,,,,,,,,,,,,,,
109,UZB,Uzbekistan,High,0.727,77.94,16.18,11.27,22153.0,0.891,0.825,0.891,-25,6,,1.1343,0.6204,,,,,,,,,,,,0.603,,,,,,,,,,0.675,,,,,0.701,,,,0.725,0.716,0.721,0.727,,,,,,,,,,,,,,,,,,,,,,,,,,,,,,,,,,,,,,,,,,,,,,,,,,,,,,,,,,,,,,,,,,
110,VNM,Viet Nam,High,0.726,75.7,18.0,10.84,22496.0,0.857,0.861,0.893,3,7,1.9873,1.2167,0.5964,1.2233,0.492,,,,,,,,,,0.599,,,,,,,,,,0.676,,,,,0.697,,,,0.717,0.726,0.718,0.726,,,,,,,,,,,,,,,,,,,,,,,,,,,,,,,,,,,,,,,,,,,,,,,,,,,,,,,,,,,,,,,,,,
111,LCA,Saint Lucia,High,0.725,77.95,18.32,10.56,22586.0,0.891,0.861,0.893,5,-10,0.3837,0.5498,-0.0687,0.2656,0.666,,,,,,,,,,0.692,,,,,,,,,,0.731,,,,,0.736,,,,0.733,0.724,0.717,0.725,,,,,,,,,,,,,,,,,,,,,,,,,,,,,,,,,,,,,,,,,,,,,,,,,,,,,,,,,,,,,,,,,,
112,LBN,Lebanon,High,0.723,77.97,17.94,9.68,22880.0,0.892,0.821,0.894,-1,-21,,,-0.294,,,,,,,,,,,,,,,,,,,,,,0.749,,,,,0.756,,,,0.76,0.742,0.725,0.723,,,,,,,,,,,,,,,,,,,,,,,,,,,,,,,,,,,,,,,,,,,,,,,,,,,,,,,,,,,,,,,,,,
113,ZAF,South Africa,High,0.717,77.51,17.91,11.33,23156.0,0.885,0.875,0.895,-16,-6,-0.0315,0.6445,0.5043,0.3803,0.635,,,,,,,,,,0.633,,,,,,,,,,0.675,,,,,0.721,,,,0.741,0.722,0.721,0.717,,,,,,,,,,,,,,,,,,,,,,,,,,,,,,,,,,,,,,,,,,,,,,,,,,,,,,,,,,,,,,,,,,
114,PSE,"Palestine, State of",High,0.716,76.9,17.88,10.98,21851.0,0.875,0.863,0.89,-11,-2,,,0.333,,,,,,,,,,,,,,,,,,,,,,0.688,,,,,0.71,,,,0.739,0.715,0.715,0.716,,,,,,,,,,,,,,,,,,,,,,,,,,,,,,,,,,,,,,,,,,,,,,,,,,,,,,,,,,,,,,,,,,
115,IDN,Indonesia,High,0.713,76.26,17.55,10.55,22410.0,0.865,0.839,0.892,-17,1,1.2742,1.1149,0.5573,0.9551,0.526,,,,,,,,,,0.597,,,,,,,,,,0.667,,,,,0.698,,,,0.718,0.712,0.707,0.713,,,,,,,,,,,,,,,,,,,,,,,,,,,,,,,,,,,,,,,,,,,,,,,,,,,,,,,,,,,,,,,,,,
116,PHL,Philippines,High,0.71,73.32,17.63,11.85,22296.0,0.82,0.885,0.892,7,2,0.6021,0.5829,0.447,0.5379,0.598,,,,,,,,,,0.635,,,,,,,,,,0.673,,,,,0.696,,,,0.714,0.705,0.692,0.71,,,,,,,,,,,,,,,,,,,,,,,,,,,,,,,,,,,,,,,,,,,,,,,,,,,,,,,,,,,,,,,,,,
117,BWA,Botswana,High,0.708,75.7,16.6,10.64,21652.0,0.857,0.816,0.889,-13,5,-0.1027,1.1596,0.689,0.5874,0.587,,,,,,,,,,0.581,,,,,,,,,,0.652,,,,,0.688,,,,0.703,0.701,0.68,0.708,,,,,,,,,,,,,,,,,,,,,,,,,,,,,,,,,,,,,,,,,,,,,,,,,,,,,,,,,,,,,,,,,,
118,JAM,Jamaica,High,0.706,75.6,15.82,9.83,22682.0,0.855,0.767,0.893,-19,-7,-0.1059,0.793,-0.0588,0.1918,0.664,,,,,,,,,,0.657,,,,,,,,,,0.711,,,,,0.712,,,,0.712,0.707,0.704,0.706,,,,,,,,,,,,,,,,,,,,,,,,,,,,,,,,,,,,,,,,,,,,,,,,,,,,,,,,,,,,,,,,,,
119,WSM,Samoa,High,0.702,75.21,18.36,10.5,22143.0,0.849,0.86,0.891,-6,-7,,0.4663,-0.0237,,,,,,,,,,,,0.672,,,,,,,,,,0.704,,,,,0.71,,,,0.712,0.712,0.708,0.702,,,,,,,,,,,,,,,,,,,,,,,,,,,,,,,,,,,,,,,,,,,,,,,,,,,,,,,,,,,,,,,,,,
120,KGZ,Kyrgyzstan,High,0.701,74.17,17.26,10.13,23022.0,0.833,0.817,0.895,-4,1,-0.3185,0.6912,0.4908,0.2996,0.637,,,,,,,,,,0.617,,,,,,,,,,0.661,,,,,0.689,,,,0.699,0.691,0.696,0.701,,,,,,,,,,,,,,,,,,,,,,,,,,,,,,,,,,,,,,,,,,,,,,,,,,,,,,,,,,,,,,,,,,
121,BLZ,Belize,High,0.7,74.3,18.18,11.09,21194.0,0.835,0.875,0.887,-9,-11,0.7615,0.9199,-0.2345,0.4361,0.609,,,,,,,,,,0.657,,,,,,,,,,0.72,,,,,0.714,,,,0.718,0.705,0.698,0.7,,,,,,,,,,,,,,,,,,,,,,,,,,,,,,,,,,,,,,,,,,,,,,,,,,,,,,,,,,,,,,,,,,
122,VEN,Venezuela (Bolivarian Republic of),Medium,0.699,75.09,17.67,10.75,8481.0,0.847,0.849,0.806,-12,-39,0.6216,0.8269,-0.6839,0.1938,0.657,,,,,,,,,,0.699,,,,,,,,,,0.759,,,,,0.766,,,,0.72,0.691,0.69,0.699,,,,,,,,,,,,,,,,,,,,,,,,,,,,,,,,,,,,,,,,,,,,,,,,,,,,,,,,,,,,,,,,,,
123,MAR,Morocco,Medium,0.698,73.65,18.28,11.12,8147.0,0.825,0.878,0.802,19,5,1.5987,1.4116,1.2127,1.3954,0.448,,,,,,,,,,0.525,,,,,,,,,,0.604,,,,,0.656,,,,0.684,0.683,0.688,0.698,,,,,,,,,,,,,,,,,,,,,,,,,,,,,,,,,,,,,,,,,,,,,,,,,,,,,,,,,,,,,,,,,,
124,BOL,Bolivia (Plurinational State of),Medium,0.698,74.87,17.87,10.56,9486.0,0.844,0.848,0.816,-25,-1,1.3605,0.5616,0.4549,0.7705,0.546,,,,,,,,,,0.625,,,,,,,,,,0.661,,,,,0.688,,,,0.715,0.691,0.691,0.698,,,,,,,,,,,,,,,,,,,,,,,,,,,,,,,,,,,,,,,,,,,,,,,,,,,,,,,,,,,,,,,,,,
125,NRU,Nauru,Medium,0.696,74.43,17.62,10.55,9378.0,0.837,0.841,0.815,19,9,,,1.8435,,,,,,,,,,,,,,,,,,,,,,0.559,,,,,0.642,,,,0.68,0.689,0.693,0.696,,,,,,,,,,,,,,,,,,,,,,,,,,,,,,,,,,,,,,,,,,,,,,,,,,,,,,,,,,,,,,,,,,
126,,Developing countries,Medium,0.694,77.28,16.03,10.78,8788.0,0.881,0.804,0.809,-3,0,1.0414,1.167,0.6904,0.9488,0.513,,,,,,,,,,0.569,,,,,,,,,,0.639,,,,,0.672,,,,0.691,0.689,0.688,0.694,,,,,,,,,,,,,,,,,,,,,,,,,,,,,,,,,,,,,,,,,,,,,,,,,,,,,,,,,,,,,,,,,,
127,GAB,Gabon,Medium,0.693,73.52,17.18,11.13,10069.0,0.823,0.848,0.821,-10,-6,0.4419,0.4692,0.4583,0.4566,0.599,,,,,,,,,,0.626,,,,,,,,,,0.656,,,,,0.692,,,,0.702,0.704,0.687,0.693,,,,,,,,,,,,,,,,,,,,,,,,,,,,,,,,,,,,,,,,,,,,,,,,,,,,,,,,,,,,,,,,,,
128,SUR,Suriname,Medium,0.69,76.09,16.04,9.98,9109.0,0.863,0.778,0.812,0,-13,,,-0.0721,,,,,,,,,,,,,,,,,,,,,,0.696,,,,,0.707,,,,0.71,0.702,0.689,0.69,,,,,,,,,,,,,,,,,,,,,,,,,,,,,,,,,,,,,,,,,,,,,,,,,,,,,,,,,,,,,,,,,,
129,BTN,Bhutan,Medium,0.681,73.75,17.5,9.86,8344.0,0.827,0.815,0.804,11,10,,,1.3177,,,,,,,,,,,,,,,,,,,,,,0.582,,,,,0.625,,,,0.668,0.675,0.677,0.681,,,,,,,,,,,,,,,,,,,,,,,,,,,,,,,,,,,,,,,,,,,,,,,,,,,,,,,,,,,,,,,,,,
130,TJK,Tajikistan,Medium,0.679,77.12,15.62,10.01,8990.0,0.879,0.768,0.811,3,2,-1.1629,1.4203,0.6128,0.3048,0.616,,,,,,,,,,0.548,,,,,,,,,,0.631,,,,,0.651,,,,0.668,0.656,0.677,0.679,,,,,,,,,,,,,,,,,,,,,,,,,,,,,,,,,,,,,,,,,,,,,,,,,,,,,,,,,,,,,,,,,,
131,SLV,El Salvador,Medium,0.674,71.41,16.7,11.3,7601.0,0.791,0.84,0.796,11,-4,1.612,0.7615,0.2131,0.82,0.519,,,,,,,,,,0.609,,,,,,,,,,0.657,,,,,0.663,,,,0.676,0.666,0.669,0.674,,,,,,,,,,,,,,,,,,,,,,,,,,,,,,,,,,,,,,,,,,,,,,,,,,,,,,,,,,,,,,,,,,
132,IRQ,Iraq,Medium,0.673,74.36,16.99,10.29,9267.0,0.836,0.815,0.814,-2,-3,1.6088,0.7623,0.565,0.9519,0.497,,,,,,,,,,0.583,,,,,,,,,,0.629,,,,,0.656,,,,0.678,0.661,0.667,0.673,,,,,,,,,,,,,,,,,,,,,,,,,,,,,,,,,,,,,,,,,,,,,,,,,,,,,,,,,,,,,,,,,,
133,BGD,Bangladesh,Medium,0.67,72.86,17.79,8.95,8053.0,0.813,0.792,0.801,18,12,2.0965,1.2874,1.536,1.6329,0.399,,,,,,,,,,0.491,,,,,,,,,,0.558,,,,,0.604,,,,0.646,0.657,0.662,0.67,,,,,,,,,,,,,,,,,,,,,,,,,,,,,,,,,,,,,,,,,,,,,,,,,,,,,,,,,,,,,,,,,,
134,NIC,Nicaragua,Medium,0.669,72.91,18.09,9.56,10179.0,0.814,0.821,0.822,1,0,1.4607,0.8215,0.7586,0.9972,0.487,,,,,,,,,,0.563,,,,,,,,,,0.611,,,,,0.644,,,,0.661,0.652,0.665,0.669,,,,,,,,,,,,,,,,,,,,,,,,,,,,,,,,,,,,,,,,,,,,,,,,,,,,,,,,,,,,,,,,,,
135,CPV,Cabo Verde,Medium,0.661,74.09,17.67,10.38,7902.0,0.832,0.837,0.8,14,-7,,0.9577,0.1528,,,,,,,,,,,,0.59,,,,,,,,,,0.649,,,,,0.658,,,,0.667,0.649,0.65,0.661,,,,,,,,,,,,,,,,,,,,,,,,,,,,,,,,,,,,,,,,,,,,,,,,,,,,,,,,,,,,,,,,,,
136,TUV,Tuvalu,Medium,0.653,71.93,16.96,9.94,9430.0,0.799,0.802,0.815,-1,-7,0.6039,0.3936,0.3927,0.4589,0.564,,,,,,,,,,0.599,,,,,,,,,,0.623,,,,,0.656,,,,0.654,0.655,0.653,0.653,,,,,,,,,,,,,,,,,,,,,,,,,,,,,,,,,,,,,,,,,,,,,,,,,,,,,,,,,,,,,,,,,,
137,GNQ,Equatorial Guinea,Medium,0.65,73.71,16.98,8.73,9788.0,0.826,0.763,0.819,25,-4,,1.77,0.5444,,,,,,,,,,,,0.511,,,,,,,,,,0.609,,,,,0.648,,,,0.653,0.65,0.647,0.65,,,,,,,,,,,,,,,,,,,,,,,,,,,,,,,,,,,,,,,,,,,,,,,,,,,,,,,,,,,,,,,,,,
138,IND,India,Medium,0.644,74.35,15.49,10.31,7646.0,0.836,0.774,0.797,0,4,1.221,1.5594,0.9929,1.2409,0.434,,,,,,,,,,0.49,,,,,,,,,,0.572,,,,,0.619,,,,0.638,0.638,0.633,0.644,,,,,,,,,,,,,,,,,,,,,,,,,,,,,,,,,,,,,,,,,,,,,,,,,,,,,,,,,,,,,,,,,,
139,,Medium human development,Medium,0.64,74.49,16.05,9.74,8399.0,0.838,0.771,0.805,7,0,1.1568,1.4508,0.9111,1.1563,0.443,,,,,,,,,,0.497,,,,,,,,,,0.574,,,,,0.615,,,,0.635,0.634,0.63,0.64,,,,,,,,,,,,,,,,,,,,,,,,,,,,,,,,,,,,,,,,,,,,,,,,,,,,,,,,,,,,,,,,,,
140,FSM,Micronesia (Federated States of),Medium,0.634,73.17,15.47,9.27,7811.0,0.818,0.739,0.799,-3,-4,,0.1094,-0.1303,,,,,,,,,,,,0.637,,,,,,,,,,0.644,,,,,0.642,,,,0.64,0.636,0.634,0.634,,,,,,,,,,,,,,,,,,,,,,,,,,,,,,,,,,,,,,,,,,,,,,,,,,,,,,,,,,,,,,,,,,
141,GTM,Guatemala,Medium,0.629,72.91,16.28,11.03,8019.0,0.814,0.82,0.801,6,-3,1.1802,1.072,0.215,0.7834,0.49,,,,,,,,,,0.551,,,,,,,,,,0.613,,,,,0.629,,,,0.645,0.638,0.63,0.629,,,,,,,,,,,,,,,,,,,,,,,,,,,,,,,,,,,,,,,,,,,,,,,,,,,,,,,,,,,,,,,,,,
142,KIR,Kiribati,Medium,0.628,71.01,15.28,8.44,7813.0,0.785,0.706,0.799,-6,-2,,0.6567,0.6072,,,,,,,,,,,,0.547,,,,,,,,,,0.584,,,,,0.625,,,,0.636,0.629,0.627,0.628,,,,,,,,,,,,,,,,,,,,,,,,,,,,,,,,,,,,,,,,,,,,,,,,,,,,,,,,,,,,,,,,,,
143,HND,Honduras,Medium,0.624,74.18,16.41,9.3,8632.0,0.834,0.766,0.807,-25,1,0.7536,0.7516,0.3833,0.614,0.513,,,,,,,,,,0.553,,,,,,,,,,0.596,,,,,0.61,,,,0.629,0.621,0.62,0.624,,,,,,,,,,,,,,,,,,,,,,,,,,,,,,,,,,,,,,,,,,,,,,,,,,,,,,,,,,,,,,,,,,
144,LAO,Lao People's Democratic Republic,Medium,0.62,71.16,16.18,10.13,7223.0,0.787,0.787,0.792,22,2,1.4893,1.6481,0.897,1.3163,0.408,,,,,,,,,,0.473,,,,,,,,,,0.557,,,,,0.604,,,,0.617,0.616,0.615,0.62,,,,,,,,,,,,,,,,,,,,,,,,,,,,,,,,,,,,,,,,,,,,,,,,,,,,,,,,,,,,,,,,,,
145,VUT,Vanuatu,Medium,0.614,69.54,15.21,10.32,7266.0,0.762,0.767,0.792,-10,4,,,0.5048,,,,,,,,,,,,,,,,,,,,,,0.578,,,,,0.592,,,,0.614,0.612,0.614,0.614,,,,,,,,,,,,,,,,,,,,,,,,,,,,,,,,,,,,,,,,,,,,,,,,,,,,,,,,,,,,,,,,,,
146,STP,Sao Tome and Principe,Medium,0.613,73.81,15.65,9.3,9487.0,0.828,0.745,0.816,1,2,0.3688,1.0531,0.8621,0.7672,0.48,,,,,,,,,,0.498,,,,,,,,,,0.553,,,,,0.595,,,,0.608,0.609,0.609,0.613,,,,,,,,,,,,,,,,,,,,,,,,,,,,,,,,,,,,,,,,,,,,,,,,,,,,,,,,,,,,,,,,,,
147,NAM,Namibia,Medium,0.61,70.88,16.41,9.35,8607.0,0.783,0.768,0.807,19,-8,-0.8014,0.6199,0.3636,0.0778,0.595,,,,,,,,,,0.549,,,,,,,,,,0.584,,,,,0.627,,,,0.638,0.634,0.616,0.61,,,,,,,,,,,,,,,,,,,,,,,,,,,,,,,,,,,,,,,,,,,,,,,,,,,,,,,,,,,,,,,,,,
148,SWZ,Eswatini (Kingdom of),Medium,0.61,69.32,15.05,9.33,7876.0,0.759,0.729,0.799,-23,5,-1.593,0.688,1.7049,0.347,0.546,,,,,,,,,,0.465,,,,,,,,,,0.498,,,,,0.577,,,,0.623,0.622,0.612,0.61,,,,,,,,,,,,,,,,,,,,,,,,,,,,,,,,,,,,,,,,,,,,,,,,,,,,,,,,,,,,,,,,,,
149,MMR,Myanmar,Medium,0.608,74.95,15.64,9.81,9081.0,0.845,0.762,0.812,-21,10,2.027,2.2011,1.5421,1.8992,0.333,,,,,,,,,,0.407,,,,,,,,,,0.506,,,,,0.557,,,,0.608,0.615,0.599,0.608,,,,,,,,,,,,,,,,,,,,,,,,,,,,,,,,,,,,,,,,,,,,,,,,,,,,,,,,,,,,,,,,,,
150,GHA,Ghana,Medium,0.602,74.06,16.01,8.63,6962.0,0.832,0.732,0.788,-10,1,1.1722,1.3367,0.4415,0.9488,0.445,,,,,,,,,,0.5,,,,,,,,,,0.571,,,,,0.586,,,,0.599,0.601,0.6,0.602,,,,,,,,,,,,,,,,,,,,,,,,,,,,,,,,,,,,,,,,,,,,,,,,,,,,,,,,,,,,,,,,,,
151,NPL,Nepal,Medium,0.601,75.51,16.68,10.03,7147.0,0.854,0.798,0.791,1,3,1.5571,1.6506,0.8493,1.3202,0.395,,,,,,,,,,0.461,,,,,,,,,,0.543,,,,,0.568,,,,0.598,0.593,0.591,0.601,,,,,,,,,,,,,,,,,,,,,,,,,,,,,,,,,,,,,,,,,,,,,,,,,,,,,,,,,,,,,,,,,,
152,KEN,Kenya,Medium,0.601,71.81,15.53,8.68,7733.0,0.797,0.721,0.798,12,2,0.1449,1.1316,0.8184,0.705,0.48,,,,,,,,,,0.487,,,,,,,,,,0.545,,,,,0.575,,,,0.604,0.599,0.596,0.601,,,,,,,,,,,,,,,,,,,,,,,,,,,,,,,,,,,,,,,,,,,,,,,,,,,,,,,,,,,,,,,,,,
153,KHM,Cambodia,Medium,0.6,74.8,15.36,8.22,8955.0,0.843,0.701,0.811,9,2,1.294,2.318,0.8508,1.446,0.379,,,,,,,,,,0.431,,,,,,,,,,0.542,,,,,0.564,,,,0.596,0.596,0.596,0.6,,,,,,,,,,,,,,,,,,,,,,,,,,,,,,,,,,,,,,,,,,,,,,,,,,,,,,,,,,,,,,,,,,
154,COG,Congo,Medium,0.593,73.2,15.37,8.4,8188.0,0.818,0.707,0.803,10,-10,-0.6079,1.3318,0.1705,0.2872,0.541,,,,,,,,,,0.509,,,,,,,,,,0.581,,,,,0.61,,,,0.596,0.598,0.598,0.593,,,,,,,,,,,,,,,,,,,,,,,,,,,,,,,,,,,,,,,,,,,,,,,,,,,,,,,,,,,,,,,,,,
155,AGO,Angola,Medium,0.591,70.03,15.22,8.32,9415.0,0.77,0.7,0.815,-10,-5,,3.1066,1.1373,,,,,,,,,,,,0.38,,,,,,,,,,0.516,,,,,0.591,,,,0.597,0.594,0.59,0.591,,,,,,,,,,,,,,,,,,,,,,,,,,,,,,,,,,,,,,,,,,,,,,,,,,,,,,,,,,,,,,,,,,
156,CMR,Cameroon,Medium,0.587,72.06,14.97,8.6,7546.0,0.801,0.702,0.795,-20,1,-0.3228,1.9154,1.0965,0.9049,0.44,,,,,,,,,,0.426,,,,,,,,,,0.515,,,,,0.562,,,,0.586,0.585,0.581,0.587,,,,,,,,,,,,,,,,,,,,,,,,,,,,,,,,,,,,,,,,,,,,,,,,,,,,,,,,,,,,,,,,,,
157,COM,Comoros,Medium,0.586,70.26,15.2,10.2,7621.0,0.773,0.762,0.796,24,3,,1.3553,0.9363,,,,,,,,,,,,0.458,,,,,,,,,,0.524,,,,,0.556,,,,0.584,0.588,0.585,0.586,,,,,,,,,,,,,,,,,,,,,,,,,,,,,,,,,,,,,,,,,,,,,,,,,,,,,,,,,,,,,,,,,,
158,ZMB,Zambia,Medium,0.569,72.05,15.81,8.98,8779.0,0.801,0.738,0.809,-24,-2,0.024,2.3637,0.6251,0.976,0.417,,,,,,,,,,0.418,,,,,,,,,,0.528,,,,,0.563,,,,0.574,0.569,0.565,0.569,,,,,,,,,,,,,,,,,,,,,,,,,,,,,,,,,,,,,,,,,,,,,,,,,,,,,,,,,,,,,,,,,,
159,PNG,Papua New Guinea,Medium,0.568,70.4,15.42,7.72,5988.0,0.775,0.685,0.775,-4,5,1.4721,0.8647,1.119,1.1496,0.394,,,,,,,,,,0.456,,,,,,,,,,0.497,,,,,0.54,,,,0.562,0.567,0.564,0.568,,,,,,,,,,,,,,,,,,,,,,,,,,,,,,,,,,,,,,,,,,,,,,,,,,,,,,,,,,,,,,,,,,
160,TLS,Timor-Leste,Medium,0.566,73.3,15.7,8.12,7855.0,0.82,0.707,0.799,19,-18,,2.5863,-1.0058,,,,,,,,,,,,0.495,,,,,,,,,,0.639,,,,,0.621,,,,0.627,0.633,0.574,0.566,,,,,,,,,,,,,,,,,,,,,,,,,,,,,,,,,,,,,,,,,,,,,,,,,,,,,,,,,,,,,,,,,,
161,SLB,Solomon Islands,Medium,0.562,71.22,15.0,9.28,7970.0,0.788,0.726,0.8,-22,-4,,1.2583,0.1346,,,,,,,,,,,,0.488,,,,,,,,,,0.553,,,,,0.562,,,,0.568,0.566,0.564,0.562,,,,,,,,,,,,,,,,,,,,,,,,,,,,,,,,,,,,,,,,,,,,,,,,,,,,,,,,,,,,,,,,,,
162,SYR,Syrian Arab Republic,Medium,0.557,72.81,15.75,8.61,9111.0,0.813,0.724,0.812,25,-1,0.4183,1.1944,-1.4164,-0.0335,0.563,,,,,,,,,,0.587,,,,,,,,,,0.661,,,,,0.552,,,,0.564,0.561,0.558,0.557,,,,,,,,,,,,,,,,,,,,,,,,,,,,,,,,,,,,,,,,,,,,,,,,,,,,,,,,,,,,,,,,,,
163,HTI,Haiti,Medium,0.552,70.76,14.89,9.06,8876.0,0.781,0.716,0.81,2,-1,0.9556,-0.7683,1.7359,0.704,0.441,,,,,,,,,,0.485,,,,,,,,,,0.449,,,,,0.549,,,,0.559,0.557,0.551,0.552,,,,,,,,,,,,,,,,,,,,,,,,,,,,,,,,,,,,,,,,,,,,,,,,,,,,,,,,,,,,,,,,,,
164,UGA,Uganda,Medium,0.55,69.96,14.55,9.15,6381.0,0.769,0.709,0.78,-3,2,1.7675,2.4633,0.7974,1.6188,0.329,,,,,,,,,,0.392,,,,,,,,,,0.5,,,,,0.525,,,,0.544,0.545,0.545,0.55,,,,,,,,,,,,,,,,,,,,,,,,,,,,,,,,,,,,,,,,,,,,,,,,,,,,,,,,,,,,,,,,,,
165,ZWE,Zimbabwe,Medium,0.55,68.23,16.76,7.66,7137.0,0.742,0.721,0.79,3,-1,-1.1658,1.2217,1.1234,0.4329,0.479,,,,,,,,,,0.426,,,,,,,,,,0.481,,,,,0.544,,,,0.56,0.554,0.549,0.55,,,,,,,,,,,,,,,,,,,,,,,,,,,,,,,,,,,,,,,,,,,,,,,,,,,,,,,,,,,,,,,,,,
166,NGA,Nigeria,Low,0.548,68.49,14.81,8.83,2618.0,0.746,0.706,0.701,4,2,,,0.971,,,,,,,,,,,,,,,,,,,,,,0.488,,,,,0.52,,,,0.537,0.539,0.542,0.548,,,,,,,,,,,,,,,,,,,,,,,,,,,,,,,,,,,,,,,,,,,,,,,,,,,,,,,,,,,,,,,,,,
167,RWA,Rwanda,Low,0.548,68.97,14.52,7.08,2449.0,0.753,0.639,0.695,22,5,0.2472,3.9889,1.0229,1.6953,0.32,,,,,,,,,,0.328,,,,,,,,,,0.485,,,,,0.509,,,,0.531,0.535,0.539,0.548,,,,,,,,,,,,,,,,,,,,,,,,,,,,,,,,,,,,,,,,,,,,,,,,,,,,,,,,,,,,,,,,,,
168,TGO,Togo,Low,0.547,68.44,15.16,8.93,3731.0,0.745,0.719,0.733,14,2,0.8908,0.7323,1.2903,0.9908,0.399,,,,,,,,,,0.436,,,,,,,,,,0.469,,,,,0.51,,,,0.536,0.54,0.545,0.547,,,,,,,,,,,,,,,,,,,,,,,,,,,,,,,,,,,,,,,,,,,,,,,,,,,,,,,,,,,,,,,,,,
169,,Least developed countries,Low,0.542,68.9,14.31,7.8,2358.0,0.752,0.658,0.692,-6,0,1.4298,1.7857,0.8957,1.3401,0.354,,,,,,,,,,0.408,,,,,,,,,,0.487,,,,,0.518,,,,0.54,0.542,0.54,0.542,,,,,,,,,,,,,,,,,,,,,,,,,,,,,,,,,,,,,,,,,,,,,,,,,,,,,,,,,,,,,,,,,,
170,MRT,Mauritania,Low,0.54,68.91,15.95,8.14,2411.0,0.752,0.714,0.694,21,-4,1.5058,0.9756,0.5104,0.966,0.397,,,,,,,,,,0.461,,,,,,,,,,0.508,,,,,0.536,,,,0.552,0.539,0.538,0.54,,,,,,,,,,,,,,,,,,,,,,,,,,,,,,,,,,,,,,,,,,,,,,,,,,,,,,,,,,,,,,,,,,
171,PAK,Pakistan,Low,0.54,71.7,14.66,7.98,1875.0,0.795,0.673,0.671,15,-3,0.9716,1.3443,0.7108,0.9899,0.394,,,,,,,,,,0.434,,,,,,,,,,0.496,,,,,0.525,,,,0.537,0.536,0.537,0.54,,,,,,,,,,,,,,,,,,,,,,,,,,,,,,,,,,,,,,,,,,,,,,,,,,,,,,,,,,,,,,,,,,
172,CIV,Côte d'Ivoire,Low,0.534,70.12,14.03,7.85,3572.0,0.771,0.652,0.729,15,4,0.6623,0.347,1.0695,0.716,0.425,,,,,,,,,,0.454,,,,,,,,,,0.47,,,,,0.501,,,,0.529,0.53,0.53,0.534,,,,,,,,,,,,,,,,,,,,,,,,,,,,,,,,,,,,,,,,,,,,,,,,,,,,,,,,,,,,,,,,,,
173,TZA,Tanzania (United Republic of),Low,0.532,70.11,15.1,9.26,2585.0,0.771,0.728,0.7,-8,2,0.7909,2.2151,0.6365,1.1756,0.366,,,,,,,,,,0.396,,,,,,,,,,0.493,,,,,0.507,,,,0.533,0.535,0.529,0.532,,,,,,,,,,,,,,,,,,,,,,,,,,,,,,,,,,,,,,,,,,,,,,,,,,,,,,,,,,,,,,,,,,
174,LSO,Lesotho,Low,0.521,70.05,13.67,8.55,1376.0,0.77,0.664,0.644,17,0,-0.4909,0.3029,0.8622,0.263,0.479,,,,,,,,,,0.456,,,,,,,,,,0.47,,,,,0.508,,,,0.528,0.53,0.522,0.521,,,,,,,,,,,,,,,,,,,,,,,,,,,,,,,,,,,,,,,,,,,,,,,,,,,,,,,,,,,,,,,,,,
175,SEN,Senegal,Low,0.517,69.57,13.02,7.96,4151.0,0.763,0.627,0.742,-7,1,0.449,1.9358,0.7974,1.0424,0.371,,,,,,,,,,0.388,,,,,,,,,,0.47,,,,,0.501,,,,0.514,0.514,0.512,0.517,,,,,,,,,,,,,,,,,,,,,,,,,,,,,,,,,,,,,,,,,,,,,,,,,,,,,,,,,,,,,,,,,,
176,,Low human development,Low,0.517,70.4,14.6,7.25,2600.0,0.775,0.647,0.701,13,0,1.1784,1.7414,0.744,1.1906,0.354,,,,,,,,,,0.398,,,,,,,,,,0.473,,,,,0.501,,,,0.516,0.515,0.515,0.517,,,,,,,,,,,,,,,,,,,,,,,,,,,,,,,,,,,,,,,,,,,,,,,,,,,,,,,,,,,,,,,,,,
177,SDN,Sudan,Low,0.516,70.09,15.63,7.87,2924.0,0.771,0.697,0.711,-14,-6,2.6926,1.5327,0.4489,1.4845,0.322,,,,,,,,,,0.42,,,,,,,,,,0.489,,,,,0.514,,,,0.521,0.518,0.516,0.516,,,,,,,,,,,,,,,,,,,,,,,,,,,,,,,,,,,,,,,,,,,,,,,,,,,,,,,,,,,,,,,,,,
178,DJI,Djibouti,Low,0.515,69.84,14.03,7.58,2610.0,0.767,0.643,0.701,10,4,,2.4896,1.6735,,,,,,,,,,,,0.33,,,,,,,,,,0.422,,,,,0.473,,,,0.508,0.512,0.512,0.515,,,,,,,,,,,,,,,,,,,,,,,,,,,,,,,,,,,,,,,,,,,,,,,,,,,,,,,,,,,,,,,,,,
179,MWI,Malawi,Low,0.508,67.49,13.26,7.64,3872.0,0.731,0.623,0.736,3,1,2.3722,2.0049,0.8123,1.6702,0.299,,,,,,,,,,0.378,,,,,,,,,,0.461,,,,,0.498,,,,0.514,0.512,0.509,0.508,,,,,,,,,,,,,,,,,,,,,,,,,,,,,,,,,,,,,,,,,,,,,,,,,,,,,,,,,,,,,,,,,,
180,BEN,Benin,Low,0.504,67.91,13.34,7.96,1831.0,0.737,0.636,0.669,25,-7,1.6443,1.5605,0.39,1.146,0.35,,,,,,,,,,0.412,,,,,,,,,,0.481,,,,,0.509,,,,0.506,0.501,0.502,0.504,,,,,,,,,,,,,,,,,,,,,,,,,,,,,,,,,,,,,,,,,,,,,,,,,,,,,,,,,,,,,,,,,,
181,GMB,Gambia,Low,0.495,70.08,13.24,7.94,2771.0,0.77,0.632,0.706,-13,5,1.955,1.3669,0.8161,1.343,0.323,,,,,,,,,,0.392,,,,,,,,,,0.449,,,,,0.467,,,,0.492,0.492,0.49,0.495,,,,,,,,,,,,,,,,,,,,,,,,,,,,,,,,,,,,,,,,,,,,,,,,,,,,,,,,,,,,,,,,,,
182,ERI,Eritrea,Low,0.493,70.22,13.75,7.02,2688.0,0.773,0.616,0.704,10,0,,,0.6156,,,,,,,,,,,,,,,,,,,,,,0.458,,,,,0.473,,,,0.487,0.49,0.49,0.493,,,,,,,,,,,,,,,,,,,,,,,,,,,,,,,,,,,,,,,,,,,,,,,,,,,,,,,,,,,,,,,,,,
183,ETH,Ethiopia,Low,0.492,67.95,14.62,8.15,3993.0,0.738,0.678,0.739,15,5,,3.642,1.5516,,,,,,,,,,,,0.286,,,,,,,,,,0.409,,,,,0.455,,,,0.485,0.489,0.489,0.492,,,,,,,,,,,,,,,,,,,,,,,,,,,,,,,,,,,,,,,,,,,,,,,,,,,,,,,,,,,,,,,,,,
184,LBR,Liberia,Low,0.487,67.35,12.73,8.22,2586.0,0.728,0.628,0.7,24,0,,0.5835,0.4764,,,,,,,,,,,,0.434,,,,,,,,,,0.46,,,,,0.472,,,,0.485,0.483,0.484,0.487,,,,,,,,,,,,,,,,,,,,,,,,,,,,,,,,,,,,,,,,,,,,,,,,,,,,,,,,,,,,,,,,,,
185,MDG,Madagascar,Low,0.487,68.45,14.4,7.67,1497.0,0.745,0.656,0.651,-7,-5,,1.0868,-0.0171,,,,,,,,,,,,0.438,,,,,,,,,,0.488,,,,,0.499,,,,0.498,0.486,0.484,0.487,,,,,,,,,,,,,,,,,,,,,,,,,,,,,,,,,,,,,,,,,,,,,,,,,,,,,,,,,,,,,,,,,,
186,GNB,Guinea-Bissau,Low,0.483,71.52,14.45,7.98,3056.0,0.793,0.667,0.715,-11,-1,,,0.761,,,,,,,,,,,,,,,,,,,,,,0.441,,,,,0.47,,,,0.488,0.482,0.482,0.483,,,,,,,,,,,,,,,,,,,,,,,,,,,,,,,,,,,,,,,,,,,,,,,,,,,,,,,,,,,,,,,,,,
187,COD,Congo (Democratic Republic of the),Low,0.481,70.24,13.37,7.34,3092.0,0.773,0.616,0.716,-25,0,-0.0266,1.2087,1.0567,0.7642,0.377,,,,,,,,,,0.376,,,,,,,,,,0.424,,,,,0.457,,,,0.476,0.477,0.475,0.481,,,,,,,,,,,,,,,,,,,,,,,,,,,,,,,,,,,,,,,,,,,,,,,,,,,,,,,,,,,,,,,,,,
188,GIN,Guinea,Low,0.471,68.44,12.81,8.31,2229.0,0.745,0.633,0.687,4,2,2.4815,1.8645,1.0604,1.7541,0.27,,,,,,,,,,0.345,,,,,,,,,,0.415,,,,,0.449,,,,0.47,0.471,0.467,0.471,,,,,,,,,,,,,,,,,,,,,,,,,,,,,,,,,,,,,,,,,,,,,,,,,,,,,,,,,,,,,,,,,,
189,AFG,Afghanistan,Low,0.462,66.73,13.74,8.84,2961.0,0.719,0.676,0.712,-4,-8,1.816,2.8198,0.2381,1.5322,0.284,,,,,,,,,,0.34,,,,,,,,,,0.449,,,,,0.479,,,,0.492,0.488,0.473,0.462,,,,,,,,,,,,,,,,,,,,,,,,,,,,,,,,,,,,,,,,,,,,,,,,,,,,,,,,,,,,,,,,,,
190,MOZ,Mozambique,Low,0.461,64.57,13.68,6.96,3806.0,0.686,0.612,0.734,-5,1,2.4011,2.9948,1.0436,2.0741,0.239,,,,,,,,,,0.303,,,,,,,,,,0.407,,,,,0.445,,,,0.465,0.467,0.459,0.461,,,,,,,,,,,,,,,,,,,,,,,,,,,,,,,,,,,,,,,,,,,,,,,,,,,,,,,,,,,,,,,,,,
191,SLE,Sierra Leone,Low,0.458,65.07,12.87,7.69,3566.0,0.693,0.614,0.729,-10,1,0.1581,2.6905,0.8048,1.1866,0.314,,,,,,,,,,0.319,,,,,,,,,,0.416,,,,,0.438,,,,0.457,0.453,0.456,0.458,,,,,,,,,,,,,,,,,,,,,,,,,,,,,,,,,,,,,,,,,,,,,,,,,,,,,,,,,,,,,,,,,,
192,BFA,Burkina Faso,Low,0.438,66.41,12.64,7.45,1146.0,0.714,0.599,0.628,-20,2,,2.3117,1.3703,,,,,,,,,,,,0.296,,,,,,,,,,0.372,,,,,0.413,,,,0.446,0.446,0.445,0.438,,,,,,,,,,,,,,,,,,,,,,,,,,,,,,,,,,,,,,,,,,,,,,,,,,,,,,,,,,,,,,,,,,
193,YEM,Yemen,Low,0.424,67.16,13.07,6.63,1825.0,0.726,0.584,0.669,17,-5,1.9723,1.3443,-1.2985,0.5389,0.357,,,,,,,,,,0.434,,,,,,,,,,0.496,,,,,0.455,,,,0.43,0.43,0.425,0.424,,,,,,,,,,,,,,,,,,,,,,,,,,,,,,,,,,,,,,,,,,,,,,,,,,,,,,,,,,,,,,,,,,
194,BDI,Burundi,Low,0.42,67.14,12.98,6.87,3495.0,0.725,0.59,0.727,7,-1,0.447,3.09,0.3242,1.2191,0.285,,,,,,,,,,0.298,,,,,,,,,,0.404,,,,,0.42,,,,0.423,0.419,0.419,0.42,,,,,,,,,,,,,,,,,,,,,,,,,,,,,,,,,,,,,,,,,,,,,,,,,,,,,,,,,,,,,,,,,,
195,MLI,Mali,Low,0.41,68.21,13.44,6.68,500.0,0.742,0.596,0.554,22,0,2.9295,2.5703,0.0817,1.741,0.236,,,,,,,,,,0.315,,,,,,,,,,0.406,,,,,0.409,,,,0.421,0.407,0.408,0.41,,,,,,,,,,,,,,,,,,,,,,,,,,,,,,,,,,,,,,,,,,,,,,,,,,,,,,,,,,,,,,,,,,
